"Status","Start Time","Stop Time","Duration in ms","Parent Suite","Suite","Sub Suite","Test Class","Test Method","Name","Description"
"passed","Wed Mar 06 14:03:45 GMT+04:00 2024","Wed Mar 06 14:03:50 GMT+04:00 2024","4859","","","","Tests`1","Do_2_1","Do_2_1",""
"passed","Wed Mar 06 14:03:55 GMT+04:00 2024","Wed Mar 06 14:04:04 GMT+04:00 2024","8674","","","","Tests`1","Do_2_5","Do_2_5",""
"passed","Wed Mar 06 14:03:51 GMT+04:00 2024","Wed Mar 06 14:03:59 GMT+04:00 2024","8591","","","","Tests`1","Do_2_3","Do_2_3",""
"passed","Wed Mar 06 14:03:55 GMT+04:00 2024","Wed Mar 06 14:04:03 GMT+04:00 2024","8298","","","","Tests`1","Do_2_4","Do_2_4",""
"passed","Wed Mar 06 14:03:56 GMT+04:00 2024","Wed Mar 06 14:03:59 GMT+04:00 2024","3784","","","","Tests`1","Do_2_4","Do_2_4",""
"passed","Wed Mar 06 14:03:45 GMT+04:00 2024","Wed Mar 06 14:03:51 GMT+04:00 2024","5932","","","","Tests`1","Do_2_2","Do_2_2",""
"passed","Wed Mar 06 14:03:50 GMT+04:00 2024","Wed Mar 06 14:03:55 GMT+04:00 2024","4942","","","","Tests`1","Do_2_3","Do_2_3",""
"passed","Wed Mar 06 14:03:45 GMT+04:00 2024","Wed Mar 06 14:03:55 GMT+04:00 2024","10409","","","","Tests`1","Do_2_1","Do_2_1",""
"failed","Wed Mar 06 14:03:59 GMT+04:00 2024","Wed Mar 06 14:04:18 GMT+04:00 2024","18822","","","","Tests`1","Fail_2_1","Fail_2_1",""
"passed","Wed Mar 06 14:03:59 GMT+04:00 2024","Wed Mar 06 14:04:04 GMT+04:00 2024","4293","","","","Tests`1","Do_2_5","Do_2_5",""
"passed","Wed Mar 06 14:03:45 GMT+04:00 2024","Wed Mar 06 14:03:56 GMT+04:00 2024","10925","","","","Tests`1","Do_2_2","Do_2_2",""
"failed","Wed Mar 06 14:04:03 GMT+04:00 2024","Wed Mar 06 14:04:18 GMT+04:00 2024","15087","","","","Tests`1","Fail_2_1","Fail_2_1",""
